brewery_id,brewery.name,brewery.address,brewery.contact,brewery.homepage,brewery_programs
1,,,,,
2,12월의양조장,강원도 원주시 신림면 삼봉2길 27,010-3762-0051,https://ssalosul2016.modoo.at/?link=aas2x3wu,
3,264청포도와인,경상북도 안동시 도산면 백운로 157,054-859-0264,http://264wine.kr/htm/main.htm,
4,C막걸리,경기도 양평군 옥천면 아신역1길 21 (청풍빌딩) 2층,031-774-6334,https://smartstore.naver.com/cmakgeolli,
5,We와이너리,경상북도 영천시 금호읍금호로38621,,https://smartstore.naver.com/wewinery,
6,가나다라브루어리,경상북도 문경시 문경대로 6251,070-7799-2428,http://www.ganadara.co.kr/,
7,가야양조장,대한민국 경상남도 김해시 한림면 46번길 791,055-342-9003,https://shopping.naver.com/fresh/traditionalalcohol/stores/102132925,
8,가야주조,,,https://smartstore.naver.com/sooldamhwashop/products/8758734273?,
9,갈기산,충북 영동군 학산면 모리1길 4,043-743-8738,http://www.galgisan.com,"원데이 클래스 | 장소 | 본사 2층 체험 교육장 | 내용 | 증류주+와인을 활용한 하이볼 만들기 > 캔시머에 담아가기 | 소요시간 | 1시간 이내 | 투어비용 | 1인 20,000원 (2인 이상 가능) | 뱅쇼 만들기 | 장소 | 본사 2층 체험 교육장 | 내용 | 각종 향신채+과일+레드와인을 함께 끓이며 와인 시음 | 소요시간 | 1시간 이내 | 투어비용 | 1인 20,000원 / 4인 70,000원 (4인 이상 가능) | 시음(4종)+미니어쳐 1종 증정 (7,000원 상당) | 장소 | 본사 시음장 | 내용 | 포엠 와인 4종 시음 | 소요시간 | 30분 이내 | 투어비용 | 10,000원"
10,갈기산포도농원,충북 영동군 학산면 모리1길 23,043-743-8733,,
11,감홍로,경기도 파주시 파주읍 윗가마울길 149,031-954-6233,https://gamhongro43.modoo.at/?link=71vb2izg,
12,같이양조장,서울 마포구 양화진4길 17,0507-1493-9991,https://www.instagram.com/togetherbrewery/,
13,거창사과원예농협,경남 거창군 거창읍 거함대로 345241,055-945-2544,http://kcapple.nonghyup.com,
14,경원리큐르,,031-987-9562,,
15,경주교촌도가영농조합,경상북도 경주시 교촌안길 25,054-777-1779,https://smartstore.naver.com/1779choi,
16,계룡백일주,충남 공주시 봉정동 390,041-853-8511,https://paegilju.modoo.at/,
17,고금주조장,전남 완도군 고금면 고금로 552,061-553-0907,http://ggjjj.tistory.com/,
18,고도리와이너리,경북 영천시 고경면 고도리 4943,054-335-3174,http://고도리와인.com,와인 만들기 체험 | 장소 | 고도리와이너리 | 내용 | 수확한 포도를 와인만들기 체험장으로 가지고 와서 농장주 소믈리에와 함께 와인만들기 체험을 합니다. 만든 와인은 통을 깨끗이 씻어 댁으로 가져가실 수 있으십니다. | 소요시간 | 2시간 | 투어비용 | 1만 3000원
19,고창명산품복분자주,고창군 아산면 복분자로 196,0507-1432-2034,https://bokbunjaju.modoo.at/,
20,고창서해안복분자주,전북 고창군 신림면 전봉준로 41430 고창서해안복분자주,063-564-7300,http://www.bokbunjajuwine.co.kr/,
21,고창선운산,전북 고창군 심원면 심원로 27073,061-561-6855,https://shopping.naver.com/fresh/traditionalalcohol/stores/100168768,
22,고헌정영농조합,충북 충주시 산척면 샛강영길 39,043-855-3333,https://smartstore.naver.com/gohunjung,
23,골목양조장,충청남도 예산군 예산읍 형제고개로 967 다동 3~8호,041-333-0923,https://backstreetbrewery.modoo.at/?NaPm=ct%3Dl8ecli9t%7Cci%3Dcheckout%7Ctr%3Dds%7Ctrx%3D%7Chk%3D1b1a6c6712d2cee4ffbf9972c84e2a4cf74daa1e,
24,곰세마리양조장,서울특별시 관악구 신원로3가길 21 지층 (우 : 08774),050-6612-0048,https://smartstore.naver.com/3bearsmeadery,
25,공동체공간수작,"전라북도 완주군 동상면 단지길 37, 1층",,,
26,과천도가,경기도 과천시 남태령옛길 65,02-504-7017,https://buly.kr/15Mv0E2,
27,광양주조공사,전남 광양시 광양읍 예구8길 134,061-763-0025,http://kyju.inpiad.net/,
28,교동법주,경북 경주시 교촌안길 1921,054-772-2051,http://www.kyodongbeobju.com/,
29,구암농산,경북 청송군 얼음골로34065,054-873-3925,,
30,국순당고창명주,전북 고창군 심원면 선운대로 2197,063-564-9800,http://bokbunjaju.kr/,
31,국순당여주명주,경기도 여주시 강천면 부평로 330,080-0035-100,http://www.ksdyeoju.com/,
32,국순당횡성양조장,강원특별자치도 횡성군 둔내면 강변로 975,033-340-4300,http://drink.ksdb.co.kr/,"국순당 주향로 견학 | 장소 | 국순당 횡성양조장 | 내용 | 우리술 역사와 문화, 그리고 우리술이 만들어지는 과정을 체험할 수 있으며, 우리술 관련 전시물과 생산과정을 관람, 및 다양한 술을 시음할 수 있습니다. | 소요시간 | 1시간 30분 | 투어비용 | 무료"
33,그린영농조합,경기도 안산시 단원구 뻐꾹산길 107,032-886-9873,http://www.grandcoteau.co.kr,"양조장 투어 | 장소 | 그랑꼬또 와이너리 | 내용 | 와인의 역사,매너,한국의 음식문화와 와인 등 강의/와인 시음(3종, 4종) | 소요시간 | 30~40분, 1시간~1시간 30분 | 투어비용 | 10,000원/ 20,000원 | 와인 족욕 | 장소 | 그랑꼬또 와이너리 | 내용 | 히노끼 족욕기에서 따뜻한물로 족욕을 하되 발에 와인한병 부어드리고 와인한잔 시음 | 소요시간 | 30~40분 | 투어비용 | 20,000원"
34,그린피엠,경기도 이천시 신둔면 용면리 1014 전체,031-632-8899,https://www.nooruk.co.kr/index.html,
35,글린트증류소,서울특별시 강남구 영동대로122길 41 (삼성동),1551-1968,https://glint1968.com/,
36,금계당,"경북 안동시 일직면 돌고개길 9, 1층",054-853-0128,https://smartstore.naver.com/goldenchicken,
37,금군양조,전라북도 고창군 고창읍 태봉로564,080-8568-686,https://geumgunbrewery.com/HOME,
38,금산인삼주,충남 금산군 금성면 파초길 23,041-754-3313,www.insamwine.com,
39,금오도섬마을,전남 여수시 대유윗길47,010-7190-1944,https://campgold.modoo.at/,
40,금용농산,충청북도 영동군 용산면 법화길 54,010-5469-5858,https://smartstore.naver.com/miratto,
41,금이산농원,세종시 전의면 가느실길 127,044-863-3478,https://smartstore.naver.com/gumisan,
42,금정산성토산주,부산 금정구 산성로 453,051-517-6552,http://www.sanmak.kr/,
43,금풍양조,인천 강화군 길상면 삼랑성길 8,070-4400-1931,https://www.instagram.com/on_sul/,
44,기억브루어리,경기도 김포시 하성면 누산봉성로237번길 163 3동 (우 : 10013),070-4208-4290,https://smartstore.naver.com/mapcykorea,
45,김천과하주,경북 김천시 대항면 향천리 79101,054-436-4461,http://gwahaju.farmmoa.com/,
46,김천대학교자두사랑,경상북도 김천시 대학로 214,054-420-4155,https://jadusarang.modoo.at/?link=ahmcs6ry,
47,김포금쌀탁주영농조합,경기도 김포시 하성면 하성로 622,031-989-0104,www.gimporicewine.com,
48,김포도가두두,경기 김포시 양촌읍 김포대로1759번길 3341,031-998-3845,https://smartstore.naver.com/dogadudu,
49,김포양조,경기도 김포시 월곶면 김포대로 2763,031-989-5568,http://www.kimpo.co.kr/,
50,까치설,"전라남도 장흥군 장동면 석교상방이길 165, 까치설",010-9462-9134,https://smartstore.naver.com/magpieyear,
51,꿈브루어리,광주광역시 동구 동계천로95번길 1815 1층,,https://smartstore.naver.com/kkumuidaehwabykkumbrewery,
52,끌로너와,강원 삼척시 도계읍 문의재로 1274,,https://www.nurwa.co.kr/,
53,낙천,강원도 동해시 공단2로 73,033-522-1163,http://nakchun.modoo.at/,
54,낙천탁주제조장,강원도 동해시,,,
55,날씨양조장,서울 영등포구 도림로125가길 44 골목길 파란대문,0507-1399-5034,https://www.instagram.com/weather_brewery/,
56,남도가양주,"전남 목포시 동명로 58, 1층",061-261-3636,https://smartstore.naver.com/namdobrewery/,
57,남도탁주,전라남도 나주시 노안면 노안로 379,010-9855-2577,https://smartstore.naver.com/jeonggojib,
58,남한산성소주,경기도 광주시 곤지암읍 연곡리 51,031-482-8000,http://www.sansungsoju.com/,
59,내국양조,충청남도 논산시 연무읍 마봉로 361,041-742-3413,https://naekook.modoo.at/,
60,내변산양조장,전라북도 부안군 행안면 부안농공단지길1411,063-582-0027,https://shopping.naver.com/fresh/traditionalalcohol/stores/100068999,
61,내장산복분자영농조합,전북 정읍시 북면 장학 1길,063-536-8080,http://www.bokbunja.co.kr/,
62,내촌주조,경기 포천시 내촌면 포천로 57,031-532-2928,,
63,녹천주조장,충남 서천군 한산면 한마로 105,041-951-9191,https://shopping.naver.com/fresh/traditionalalcohol/stores/100113506,
64,농대마주조,전남 영광군 대마면 동삼로 699,061-351-9988,,
65,농암종택전통주,경상북도 안동시 도산면 가송길 162176,02-6263-1202,http://www.ellyeoppyunjoo.com/,
66,농유토피아,경북 안동시 남후면 큰광음길 107,070-7439-3129,http://www.sojumall.com/,
67,농입장주조,충남 천안시 서북구 입장면 성진로 808,010-5430-8741,https://yeonmiju.modoo.at/,
68,농태평주가,전북 진안군 진안읍 거북바위로3길 1535,063-433-0078,www.hongsamjumall.com,
69,뉴룩,경기도 화성시 동탄대로 6361 1001호,010-7609-6740,https://smartstore.naver.com/newlook_everyday,
70,다농바이오,충청북도 충주,,https://smartstore.naver.com/danongbio,
71,다담도가,경상북도 상주시 외남면 지사3길 16,054-532-9363,https://smartstore.naver.com/dadamdoga,
72,다도참주가,전라남도 나주시 다도면 신촌2길 9,080-2802-211,http://chamjuga.com/,"양조장 견학, 소개 및 시음 | 장소 | 다도참주가 | 내용 | 다도참주가 양조장을 견학하고  막걸리 시음 후 참주가막걸리 2종세트를 증정합니다. | 소요시간 | 1시간 | 투어비용 | 10,000원 | 막걸리 빚기 | 장소 | 다도참주가 | 내용 | 양조장 소개, 견학 및 시음과 백설기를 활용한   막걸리 빚기 체험 후 참주가막걸리 3종세트를 증정합니다. | 소요시간 | 1시간 30분 | 투어비용 | 25,000원"
73,다랭이팜,경남 남해군 남면 남면로 679번길 275,055-863-0979,https://darangyifarm.modoo.at/,
74,달빛술래,경기도 양평군 서종면 길곡2길 28 (문호리),010-2777-3404,https://dalbitsuul.modoo.at/,
75,달성주조,대구광역시 달성군 논공읍 비슬로208길 10 달성주조,0507-1367-1911,https://smartstore.naver.com/dalseongkr,
76,달홀주조,강원도 고성군 간성북로 42번길 5,033-681-2008,http://dalholju.com/,
77,담양죽향도가,담양군 담양읍 외다길30,061-381-8700,http://jhdg.co.kr/,
78,담을,충청북도 충주시 엄정면 도자기길 16,010-3904-6477,https://smartstore.naver.com/dameul_service,
79,담을술공방,충청북도 충주시 엄정면 신만리 21134,010-6762-6267,https://dameul6267.modoo.at/,
80,대강양조장,충북 단양군 대강면 대강로 60,043-422-0077,http://www.krwine.com,
81,대농바이오우리산삼,경기도 광주시 퇴촌면 천진암로 684,031-798-9757,http://www.woorisansam.com,
82,대대로영농조합,전남 진도군 군내면 둔전리 98,061-542-3399,http://www.ehongju.co.kr,
83,대밭고을,경상남도 사천시 곤양면 후전길 16,010-9321-4000,https://smartstore.naver.com/bamboosul,
84,대윤가야곡주조,충청남도 논산시 가야곡면 매죽헌로 809,041-741-7977,https://shopping.naver.com/fresh/traditionalalcohol/stores/100112678,
85,대작영농조합,강원도 철원군 동송읍 이평로34번길 2028,010-5338-2443,https://blog.naver.com/daejak_ricewine,
86,대향와이너리,경북 영천시 금호읍 원제1길 2716,,https://smartstore.naver.com/daehyang?NaPm=ct%3Dm5g6eshk%7Cci%3Dcheckout%7Ctr%3Dds%7Ctrx%3Dnull%7Chk%3D7590df71a824276f3247e6b7d47d5a42f7e639a6,
87,더한주류,서울시 은평구 증산로7길 2813,02-2280-8080,www.thehan.kr,
88,덕두도가,"제주시 한림읍 광산로 4911, 2동",010-7772-3081,https://smartstore.naver.com/deokdoo,
89,덕유양조,전북특별자치도 무주군 안성면 장무로 13757,063-323-2355,http://www.meoruwine.co.kr/,"와인 족욕 체험 | 장소 | 체험장 '술고지' | 내용 | 따뜻한 족욕물에 와인을 풀어 향긋하게 즐기는 와인족욕체험 | 소요시간 | 30-50분 | 투어비용 | 16,000원 | 와이너리 투어 (*최소 일주일 전 유선문의 필수) | 장소 | 체험장 ‘술고지’ | 내용 | 덕유의 역사에서부터 발효실 투어 및 시음을 할 수 있는 투어 | 소요시간 | 1-2시간 | 투어비용 | 25,000원(인당) | 나만의 와인잔 만들기 | 장소 | 체험장 ‘술고지’ | 내용 | 세상에 단 하나뿐인 나만의 와인잔 | 소요시간 | 1-2시간 | 투어비용 | 32,000원(인당)"
90,도깨비양조장,충북 단양군 가곡면 사평3길 5,070-4133-2030,https://smartstore.naver.com/dokkaebisul/products/4676621051,
91,도란원,충청북도 영동군 매곡면 옥전리 8251,043-743-2109,http://xnhg3b13gpoq4muubvz4a.kr/,"와인 족욕 | 장소 | 와이너리 족욕장 | 내용 | 와인의 풍부한 비타민 유기산이 혈액순환을 원활하게 하여 피로감을 줄이고 피부미용을 돕는 족욕체험 | 소요시간 | 20분 | 투어비용 | 20,000원 (5인 이상) | 와인 체험 | 장소 | 샤토미소 와이너리 | 내용 | 샤토미소 브랜드의 5종 이상의 와인 시음 및 견학 | 소요시간 | 1시간 | 투어비용 | 20,000원 (5인이상) | 와인 만들기 | 장소 | 샤토미소 와이너리 | 내용 | 직접 와인을 만들어 보는 체험 | 소요시간 | 1시간 | 투어비용 | 40,000원 (5인 이상) | 와인 칵테일 만들기 | 장소 | 샤토미소 와이너리 | 내용 | 샤토미소 브랜드의 와인으로 칵테일을 만들어 보는 체험 | 소요시간 | 1시간 | 투어비용 | 20,000원 (5인 이상)"
92,도반주조,"경기도 파주시 금정 12길4 1층,도반주조",,https://smartstore.naver.com/dovan_brewery/,
93,동강산머루영농조합,강원도 영월군 영월읍 동강로 1431,033-373-1477,,
94,동강주조,"경기도 성남시 분당구 정자일로 95, NAVER 1784, 13561",010-3313-5589,https://smartstore.naver.com/eastriverbrewery,
95,동문거리양조장,전북 전주시 완산구 동문길99,010-3677-3338,http://www.moju.kr/,
96,동백1917,농업회사법인 주식회사 동백1917,,https://smartstore.naver.com/busandongbaek1917/products/9194545227?,
97,동백양조,부산광역시 기장군 정관읍 정관로 266,051-727-1472,,
98,동해명주,경북 포항시 남구 동해면 일월리 511,054-284-3049,https://www.yangjo.com/,
99,두레박,충남 서천군 한산면 충절로 1154,,,
100,두레양조,충청남도 천안시 서북구 입장면 율목길 176,041-583-8213,www.duraean.co.kr,"양조장 견학 및 시음 | 장소 | 두레양조장 | 내용 | 양조장 소개 및 제조장, 술 미니 박물관 견학 및 시음 | 소요시간 | 1시간 | 투어비용 | 20,000원(인당) | 와인 만들기 체험 | 장소 | 두레양조장 | 내용 | 포도 수확철 포도 따서 와인 만들어 가기 | 소요시간 | 1-2시간 | 투어비용 | 40,000원(인당)"
101,두루미양조장,강원도 철원군 동송읍 이평리 1564,018-997-190,https://makers.kakao.com/items/100078992,"양조장 견학_2 | 장소 | 우창(두루미양조장) | 내용 | 양조장 안내 및 시음 / 오래된노래750ml | 소요시간 | 30분 | 투어비용 | 25,000원(인당) | 양조장 견학_4 | 장소 | 우창(두루미양조장) | 내용 | 양조장 안내, 전통주 이론, 단양주빚기, 술거르기, 시음 / 대관람차500ml | 소요시간 | 1시간 30분 | 투어비용 | 55,000원(인당) | 양조장 견학_1 | 장소 | 우창(두루미양조장) | 내용 | 양조장 안내 및 시음 / 대관람차500ml | 소요시간 | 30분 | 투어비용 | 15,000원(인당) | 양조장 견학_3 | 장소 | 우창(두루미양조장) | 내용 | 양조장 안내, 전통주 이론, 술거르기, 시음 / 대관람차500ml | 소요시간 | 1시간 | 투어비용 | 35,000원"
102,두루미양조장구름아양조장,강원도 철원군 동송읍 금학로 3172 동송농공단지,010-8806-3927,http://www.doorumi.cafe24.com/index.html,
103,두술도가,경북 문경시 가은읍 가은5길 7 아자개장터,010-4276-2329,https://www.instagram.com/doosooldoga/,
104,디오케이브루어리,"서울특별시 강북구 삼양로 455, 1층",010-2481-4707,https://www.instagram.com/dokbrewery/,
105,롯데칠성음료,경북 경산시 진량읍 대구대로 28433,02-3479-9114,https://company.lottechilsung.co.kr/kor/main/index.do,
106,리밋브루잉,경기도 화성시 마도면 마도로609번길 161 1동,,https://smartstore.naver.com/remeet_brewing,
107,리큐랩,부산광역시 영도구 남항새싹길 186,070-4116-3120,https://smartstore.naver.com/sulhadam,
108,림프루츠영농조합,충북 영동군 영동읍 어미실길 92,010-3474-4343,,
109,마마스팜,마마스팜,010-5479-8075,http://www.mamasfarm.kr/,
110,마스브루어리,경기도 화성시 송산면 삼일공원로 438 101호,,https://smartstore.naver.com/marsbrewery,
111,만수주조영농조합,경북 영주시 안정면 용주로1364번길 12 베지밀영주대리점,054-634-5641,,
112,맹개술도가,경북 안동시 도산면 선성중앙길 32,010-5222-0090,https://smartstore.naver.com/millfun,
113,메들리,"경기도 김포시 태장로 741, 361호(장기동)",010-9695-1275,https://www.ourmedley.com/,
114,면천두견주,충남 당진시 면천로 성하로 250,041-355-5430,http://www.면천두견주.한국,
115,명세주가,충청북도 청주시 상당구 가덕면 한계길 325,0507-1309-8051,https://smartstore.naver.com/mssool,
116,명인안동소주,경북 안동시 풍산읍 산업단지6길 6,054-856-6903,http://www.adsoju.com,"안동소주 전통방식 제조체험 및 현대화 시설 견학 | 장소 | 안동소주 박물관, 제조시설 및 공장 | 내용 | 국가유산으로 지정된 방법 안동소주 제조방법을 그대로(누룩 만들기·밑술 담그기·소주고리 증류 등) 체험하신 후 현대화된 시설을 견학합니다.  프로그램 순서는 안동소주 박물관 투어 → 국가유산 안동소주 제조체험 → 안동소주 공장 견학입니다. | 소요시간 | 1시간 - 1시간 30분 | 투어비용 | 20,000원 | 국가유산·명인 조옥화 안동소주·칵테일 시음 | 장소 | 국가유산·명인 조옥화 안동소주 | 내용 | 국가유산·명인 조옥화 안동소주 25도·45도를 시음한 뒤 칵테일(기주: 45도 안동소주)을 맛보실 수 있습니다. 시음 후 테이스팅 노트 및 칵테일 레시피 카드를 제공해 드립니다. 시음 순서는 조옥화 안동소주 제조과정 등 소개 → 조옥화 안동소주 25도/45도 시음 → 조옥화 안동소주 칵테일 시음 순서입니다. | 소요시간 | 20분 - 40분 | 투어비용 | 10,000원"
117,명주도가,충청남도 보령시 주교면 고인돌길 55,010-6211-5840,https://xno39a70mg2fhxq.com/,
118,명품안동소주,경북 안동시 풍산읍 유통단지길 12434,054-853-1200,https://smartstore.naver.com/andongmyongju/products/3458697714,
119,모월,강원 원주시 판부면 판부신촌길 84,033-748-8008,http://www.mowall.co.kr/,
120,몬스터빌리지,경남 산청군 산청읍 친환경로 2720번길 73,0507-1371-2178,https://smartstore.naver.com/monstervillage,
121,몽타주조,"서울특별시 강서구 강서로 54길 107, 2층",02-2658-0815,https://smartstore.naver.com/mongta_jujo,
122,문경주조,경상북도 문경시 동로면 노은리 192번지,054-552-8285,https://mgomijasul.modoo.at/,
123,문경호산춘,경북 문경시 산북면 운달로7,054-552-7036,https://blog.naver.com/hwang79s,
124,문배주양조원,경기 김포 통진 검암2로15번길 27,070-7017-4726,www.moonbaesool.co.kr,
125,미더리봉자,강원도 춘천시 소양고개길 6 미더리봉자 (우 : 24272),010-9081-4404,https://smartstore.naver.com/beewaltz,
126,미송주가,경북 경산시 진량읍 대학로 9674,0507-1401-2024,https://smartstore.naver.com/misongbrewery/products/5161443003,
127,미음넷증류소,"경기도 파주시 운정안길 491 1동, 2동",031-8071-3118,https://smartstore.naver.com/fourmieum,
128,민속주왕주,충남 논산시 원댕이길 265,041-741-8353,,
129,민주술도가,경기도 포천시 소흘읍 거친봉이길 5835 나동 민주술도가,031-542-5423,https://smartstore.naver.com/minjusool,
130,밀과노닐다,경북 안동시 도산면 가송길 162123,054-841-1105,www.jinmaek.co,"진맥소주 양조장 투어 | 장소 | 맹개마을 및 양조시설 | 내용 | 진맥소주의 근원지, 맹개마을 및 양조시설들을 둘러보고 진맥소주 제품들을 시음하는 프로그램 ( 트랙터타고 낙동강 건너기, 시음 4종, 다과 포함) | 소요시간 | 2시간 - 2시간 30분 | 투어비용 | 35,000원 | 진맥소주 증류체험 | 장소 | 밀과노닐다 | 내용 | 양조장 시설들을 둘러보고 동증류기를 이용하여 진맥소주를 내리는 체험으로 증류에 대한 설명과 함께 진행 (트랙터 타고 낙동강 건너기, 시음 4종, 직접 증류한 진맥소주 50ml 포함) | 소요시간 | 3시간 - 3시간 30분 | 투어비용 | 50,000원"
131,밀양클래식술도가,경상남도 밀양시 단장면 표총로 1765 밀양클래식술도가,055-356-1616,https://djclassicstore.modoo.at/,
132,밀향,경상남도 밀양시,,,
133,발효공방1991,"경북영양군영양읍군청길49,주2동및주3동일부",070-7361-1991,https://smartstore.naver.com/balgong1991,
134,밝은세상영농조합,경기도 평택시 포승읍 충열길 37,031-683-0981,https://www.instagram.com/tigercalyx/?hl=ko,"담금주 체험 | 장소 | 밝은세상영농조합 | 내용 | 양조장의 증류주로 만들어보는 다양한 플레이보의 담금주 만들기 | 소요시간 | 1시간 | 투어비용 | 2,5000원 | 단체워크샵 | 장소 | 밝은세상영농조합 | 내용 | 당일 코스, 1박2일 코스 | 소요시간 | 별도 문의 | 투어비용 | 별도 문의"
135,방풍도가,강원도 강릉시 미노길 103,010-6380-3963,http://www.bangpungdoga.com/,
136,배금도가,경북 김천시 구성면 부항로 2156,010-6309-7616,http://begum.co.kr/,
137,배다리도가,경기도 고양시 덕양구 화신로 168 (행신동) 햇빛마을 21단지,010-7687-9392,https://www.baedaridistillery.com/,
138,배상면주가,경기도 포천시 화현면 화현리 512,031-531-9300,https://www.soolsool.co.kr/,"가양주빚기 체험 | 장소 | 전통술박물관 산사원 내 1층 가양주교실 | 내용 | 직접 만들어 보는 가양주 체험 | 소요시간 | 1시간-1시간 30분 | 투어비용 | 30,000원(인당)"
139,배혜정도가,경기도 화성시 정남면 서봉로 835,031-354-9376,http://www.baedoga.co.kr/,
140,백경증류소,세종특별자치시 장군면 평기길 151,010-9730-8191,https://www.bkdistillery.com/,
141,백년주조,경상북도 김천시 영남대로 1322,010-7746-8866,https://smartstore.naver.com/y100001,
142,백록주가,제주특별자치도 제주시 선반로4길 54,064-757-1864,http://madeinjeju.co.kr/,
143,백운주가,전남 광양시 옥룡면 죽천리 7151,061-763-6651,https://bwsool.modoo.at/,
144,백제명가주조,충청남도 서천군 한산면 충절로 1133,041-953-5101,https://smartstore.naver.com/baekje2012,
145,백주도가,경상북도 예천군,,,
146,법전양조장,경북 봉화군 법전면 법전로 87,054-672-4522,https://cheongryangju.modoo.at/,
147,벗드림,"부산광역시 북구 덕천로247번길 3, 2층",051-337-3762,https://butdream.modoo.at/?NaPm=ct%3Dkhvqprdz%7Cci%3Dcheckout%7Ctr%3Dds%7Ctrx%3D%7Chk%3Dd2521ff08b7af8f71afa71d4392e797b803c7da0,
148,별빛드리운못,청남도 홍성군 결성면 만해로115번길 6211,010-6745-6769,http://byulbit.kr/,
149,병영주조장,전남 강진군 병영면 하멜로 407(성남리 1403),061-432-1010,http://byjujo.modoo.at/,
150,보석양조장,서울 성북구 보문로 44 1층,,https://www.instagram.com/bosuk_brewery/,
151,보성강하주,전남 보성군 회천면 장목길 43,061-852-8259,,
152,복순도가,울산광역시 울주군 상북면 향산리 439,1577-6746,http://www.boksoon.com/,
153,봄내양조장,"강원도 춘천시 춘추로 187번길 11, 1층",010-7742-8046,https://url.kr/kasf3n,
154,봇뜰,경기도 남양주시 진접읍 팔야로 9141,031-528-3150,http://botttle.co.kr/,
155,봉하마을,경상남도 김해시 진영읍 봉하로 12215,055-344-1230,https://www.bongha.net/goods/goods_view.php?goodsNo=1000000668,
156,부자진,경기도 양평군 강하면 운심길 19,050-5550-8880,https://bujagin.com/,
157,부즈앤버즈미더리,경기도 용인시 처인구 모현읍 초부로 148번길 2342 다동,031-333-0177,https://www.bzbzzmeadery.com/,
158,불로생우리쌀막걸리,대구 중구 명륜로 12길 16,053-252-2385,http://www.daegutakju.co.kr/main/main.htm,
159,불로주,경북 포항시 북구 청하면 소동리 7202,054-246-0321,,
160,붉은진주,전북 무주군 안성면 덕유산로 482,063-323-3366,http://www.mujuwine.co.kr/,
161,브리즈앤스트림,강원도 인제군 기린면 조침령로 1628 (브리즈앤스트림) 1층 (우 : 24653),070-8839-9000,https://smartstore.naver.com/breeze_n_stream,
162,블루컴퍼니,충청북도 영동군 양산면 호탄길 5323,010-5432-9235,http://www.블루와인.kr,
163,비노케슬,경상북도 경산시 남천면 산전길 84 (우 : 38695),010-6719-8519,https://smartstore.naver.com/vinocastle,
164,비전레드,충청북도 충주시 중앙탑면 인담길 351,043-844-1616,https://dancingcider.com/index.html,
165,빛올양조연구소,경상남도 함안군 군북면 의봉로27,055-583-0996,https://shinybrewer.com,
166,사곡양조장,충남 공주시 사곡면 마곡사로 49,041-841-9308,https://smartstore.naver.com/gongjubamsul,
167,사리원,대전광역시 서구 둔산로31번길 77 사리원,042-487-4208,https://sariwon1951.modoo.at/,
168,사일로,세종시 연동면 청연로 716,0507-133-56233,https://silobrewery.co.kr/,
169,산내들와이너리,경북 영주시 단산면 영단로601번길 64,010-6646-2434,https://smartstore.naver.com/sobaekwine,
170,산들벗,전라북도 무주군 적상면 사천리 205,02-6930-5566,https://smartstore.naver.com/sd_associates,
171,산막와이너리,충북 영동군 영동읍 산막골길 3145,043-745-3888,http://www.sanmacwine.com/web/main/,
172,산머루농원영농조합,경기도 파주시 윗배우니길 44125,031-958-4558,https://sanmeoru.modoo.at,"나만의 와인 | 장소 | 산머루 농원 | 내용 | 생산되어 있는 머루와인을 본인의 병에 담아가기 | 소요시간 | 1시간30분-2시간 | 투어비용 | 개인당 15,000원 | 머루수확체험 | 장소 | 산머루 농원 | 내용 | 머루수확체험 | 소요시간 | - | 투어비용 | 개인당 8,000원 | 머루와인만들기 | 장소 | 산머루 농원 | 내용 | 머루와인 만들기 + 와이너리투어 + 시음 | 소요시간 | - | 투어비용 | 개인당 20,000원 / 2명 이상 | 패키지체험 | 장소 | 산머루 농원 | 내용 | 머루초콜릿 + 머루쨈 + 머루비누 + 와이너리투어 + 시음 | 소요시간 | - | 투어비용 | 개인당 20,000원"
173,산수,강원도 홍천군 화촌면 야시대로 21157,070-4195-0772,https://www.facebook.com/sansoosool/,
174,삼산주조장,전남 해남군 삼산면 고산로 5831,061-534-5507,https://samsanjujo.co.kr/,
175,삼양춘,"인천광역시 남동구 호구포로 50, 8층 8191호 (엘아이지식산업센터)",032-851-8979,http://samyangchoon.com/,
176,삼오식품,대구광역시 달서구 성서서로48길 24 1층,053-710-1086,https://smartstore.naver.com/chamwoori,
177,삼해소주,서울 종로구 창덕궁길 142,010-5216-8093,https://samhaesoju.kr/,
178,삼호주조장,전남 영암군 삼호읍 대불주거5로 154,010-8739-0128,https://smartstore.naver.com/dogasjib/profile,
179,상선주조,전라남도 목포시 노적봉길 19 1층 102호,070-8983-7541,https://smartstore.naver.com/milmulbrewery,
180,상주주조,경상북도 상주시 남성로 7315 1층 (우 : 37196),070-8807-2815,https://smartstore.naver.com/nerdbrew,
181,새순천양조영농조합,전남 여수시 진남상가길 6(중앙동5671),,https://yeosubambadagifishop.modoo.at/,
182,샤또나드리,강원도 홍천군 서면 팔봉산로 81128,010-4173-2908,www.neobeunaewine.com,
183,서울양조장,서울 서초구 효령로34길 7 402A호,0507-1332-8797,https://www.instagram.com/seoulartbrewery/,
184,서울고량주,충청북도 영동군 황간면 독점길 13,043-745-7709,http://kokao.co.kr/,
185,서울장수,충청북도 진천군 광혜원면 죽현길141,080-777-7611,http://www.koreawine.co.kr,
186,서울효모방,"서울시 서초구 서초대로 360, 지하 104호",070-8080-5867,https://www.instagram.com/seoulfermentary/,
187,석이원주조,대전광역시 동구 흥룡로 71번길 27,042-485-5520,www.seokiwon.com,
188,석전주가,경상북도 칠곡군 왜관읍 동산2길 19,054-976-3552,https://smartstore.naver.com/sjsangon,
189,선산주조,경상북도 구미시 봉곡동로2길 131 101호 선산주조 (우 : 39206),010-6626-6195,https://smartstore.naver.com/theseonsan,
190,선운산복분자주흥진,전북 고창군 부안면 복분자로535,063-561-0209,,
191,선인양조,경기도 양주시 가래비9길 1229,031-826-7080,https://smartstore.naver.com/suninbrew,
192,설악프로방스배꽃마을,강원 속초시 이목로 10449,033-637-1199,,
193,성광주조,충청남도 당진시 순성면 봉소길,041-357-2123,https://www.facebook.com/skbw.co.kr,
194,성포양조장,경상남도 거제시 사등면 지석3길3,055-632-5134,http://www.xnoj4b23fvzbgxa733b.kr/,
195,세찬,경북 영천시 포은로 84250,054-357-5357,sechan.kr,
196,소계리와인,충청북도 영동군 추풍령면 은편길26,010-3622-5544,https://smartstore.naver.com/sokyeriwine,
197,소양강도가구천정양조장,강원도 춘천시 신북읍 율문길 655,033-243-2252,http://sygdoga.modoo.at/,
198,소양주조,강원특별자치도 춘천시 후석로 420번길 7,010-6874-7273,https://smartstore.naver.com/soyangbrewery/products/10336683071,
199,솔래원,강원도 양구군 방산면 칠전길 127,033-482-8000,https://solraewon.modoo.at/,
200,솔송주,경상남도 함양군 지곡면 지곡창촌길 3,055-963-8992,https://www.solsongju.com/,
201,솔티마을,세종특별자치시 전동면 솔티로 3759 1층,010-6306-7889,https://smartstore.naver.com/solti,
202,송로주,충북 보은군 속리산면 구병리 518번지,043-542-0774,,
203,송화양조원,전북 완주군 구이면 구이로 1096,063-210-7047,http://www.songhwa.co.kr/default/,
204,수도산와이너리,경상북도 김천시 증산면 금곡리 2261번지,054-439-1518,https://smartstore.naver.com/sdsmeru/profile,"나만의 와인 | 장소 | 수도산 와이너리 체험장 | 내용 | 생산되어 있는 크라테 와인 병에 담아서 가기 | 소요시간 | 1시간 | 투어비용 | 15,000원/20,000원 | 뱅쇼만들기 | 장소 | 수도산 와이너리 체험장 | 내용 | 크라테와인+ 과일과 향신료를 넣고 끓여 마시는 유럽식 쌍화차 만들기 | 소요시간 | 2시간 | 투어비용 | 1인 15,000원(4인 이상)"
205,수블가,"결기도 용인시 기흥구 갈곡로 3, 지층1호",,https://smartstore.naver.com/sooblega,
206,수성주류,대구 북구 조야로7길 22,053-952-1125,http://www.soosungliquor.com/,
207,순성왕매실영농조합,충남 당진시 순성면 매실로 398,041-354-1205,,
208,순천주조,전라남도 순천시 이수로 97,010-4010-6517,https://smartstore.naver.com/mayday82,
209,술다끄는집,제주 서귀포시 표선면 성욱리 883,02-6927-3013,,
210,술담화,"경기도 용인시 수지구 광교중앙로 338, A동 525호",070-5014-1282,https://www.sooldamhwa.com/damhwaMarket,
211,술도가제주바당,제주 제주시 구좌읍 종달로5길 27,064-783-1775,https://jejudoga.modoo.at/,
212,술로우,경기도 화성시 마도면 마도로609번길 161 1동 술로우 (우 : 18541),010-8712-8215,https://smartstore.naver.com/sulow_brewery,
213,술빚는전가네,경기도 포천시 영북면 산정호수로 335,010-5245-9708,https://www.sooldoga.com/home,"찹쌀 단양주 체험하기 | 장소 | 내용 | 단양주 빚기 체험 후 1인당 2L의 원주 지급 / 일주일 후 발효된 원주를 거름망에 걸러서 냉장고에서 숙성 후 음용 | 소요시간 | 2시간 내외 (하루 전 예약 필수) | 투어비용 | 30,000원"
214,술빚는호랑이,경기도 남양주시 늘을1로16번길 29 (늘봄타워) 5층 502호,070-8984-7425,https://smartstore.naver.com/horangmead,
215,술샘,경기도 용인시 처인구 양지면 죽양대로 22981,070-4218-5225,http://www.sulseam.com,"시음 | 장소 | 술샘 1층 시음장 | 내용 | 술샘 제품 시음 | 소요시간 | - | 투어비용 | 무료 | 체험 및 견학 | 장소 | 술샘 | 내용 | 전통주강의, 간단체험, 제조장 견학, 시음 | 소요시간 | 3시간 | 투어비용 | 35,000원"
216,술소리,전북 남원시 시묘길 130(오암동),063-625-5050,https://sulsori.modoo.at/,
217,술아원,경기 여주 점봉길 9312,070-8776-0043,http://soolawon.co.kr/,"막걸리빚기 체험 | 장소 | 술아원 | 내용 | 막걸리를 직접 빚고, 빚은 막걸리를 가져가서 수일 후 걸러서 시음 | 소요시간 | 60~90분 | 투어비용 | 40,000원(인당) | 시음 (우리술 해설) | 장소 | 술아원 | 내용 | 술아원 제품 5종 이상 시음과 술이 만들어지는 과정, 우리술에 대한 해설 | 소요시간 | 60분 | 투어비용 | 20,000원(인당)"
218,스마트,충청북도 청주시 상당구 미원면 어암1길 21310,043-221-0412,https://www.smartbrewery.co.kr/shoppingsoju/?idx=164,
219,시나브로와이너리불휘농장,충청북도 영동군 심천면 약목2길 23,043-742-5275,https://www.bhwinery.com/index,
220,시트러스,제주특별자치도 서귀포시 남원읍 신례리 219171,064-767-9800,https://www.ehondiju.com/,
221,시향가,전라남도 곡성군 삼기면 근촌 1길 4,070-4113-0915,https://smartstore.naver.com/sihyangga,
222,신선,충북 청주시 상당구 것대로 5 1층,043-234-6799,https://smartstore.naver.com/sinseon,"3대가 함께 즐기는! 막걸리로 발효한 청주술빵 만들기체험 | 장소 | 충북 청주시 상당구 것대로5, 1층 청주신선주문화양조장/3층 체험교육실 | 내용 | 신선막걸리로 천연발효한 3대가 함께 즐기는 술빵체험! 청주, 청원생명쌀가루를 활용한 예쁘고 맛있는 신선술빵 만들기 체험 (+청주신선주 시음) | 소요시간 | 1시간 30분-2시간 | 투어비용 | 30,000원(인당) | 충북무형유산 신선주 빚기(+시음, 공장견학) | 장소 | 충북 청주시 상당구 것대로5, 1층 청주신선주문화양조장/3층 체험교육실 | 내용 | 10가지 이상 한약재가 들어간 충청도 선비의 술,  무형유산 청주신선주 빚기 체험(+양조장 견학 및 청주신선주 시음) | 소요시간 | 1시간 30분-2시간 | 투어비용 | 30,000원(인당)"
223,신평양조장,충남 당진시 신평면 신평로 813,041-362-6080,http://www.koreansul.co.kr,"막걸리(단양주) 빚기 | 장소 | 교육장 | 내용 | 전통주 강의, 막걸리 빚기, 제품 시음 (본인이 빚은 막걸리 가져가기) | 소요시간 | 2시간 | 투어비용 | 개인당 25,000원 / 15명 이상"
224,씨C막걸리,"서울시 강남구 논현로 18 (개포동), 지수빌딩 2층",0507-1338-2621,,
225,아리랑주조,충남 청양군 대치면 방죽곡길 4619,041-943-7678,https://ystar.modoo.at/,
226,아이비영농조합,경기도 양평군 강하면 왕창부로길 110,031-775-0500,https://ibee21.com/index.html,
227,아토양조장,경기도 용인시 기흥구 평촌2로1번길 27,031-286-2307,https://smartstore.naver.com/attobrewery,
228,악양주조,경남 하동군 악양면 악양서로 363,055-883-3037,https://smartstore.naver.com/akyangjujo,
229,안동소주올소,경북 안동시 서후면 금계2길 52,054-843-0106,https://olso.co.kr/board/shop/index.php,
230,안동소주일품,경북 안동시 풍산읍 괴정리 9265번지,054-854-6080,http://www.ilpoomsoju.com/,
231,안양주조장,전남 장흥군 안양면 주교비동로 4,061-862-6008,,
232,애플린영농조합,전라북도 무주군 무주읍 유속1길 34 (우 : 55524),010-3035-4736,https://shopping.naver.com/fresh/traditionalalcohol/stores/100158233,
233,양나인비노,강원특별자치도 양구군 동면 펀치볼로 65,010-3168-9976,https://smartstore.naver.com/ygvino,
234,양반안동소주,경북 안동시 남후면 광음리 11112,010-5617-3378,https://www.sojumall.com/htm/main.htm,
235,양양술곳간,강원도 양양군 강현면 안골로 2217,010-9039-6083,https://yangyangsoolgodgan.com/,
236,양온소온,강원 횡성군 갑천면 청정로매일2길 31 1층,0507-1360-5649,https://www.instagram.com/ricewine_on/,
237,양조학당,경기도 광명시 하안로 60 광명테크노파크 E동 812호,02-598-3222,https://yangjohakdang.com/,
238,양주골이가,경기도 양주시 백석읍 부흥로983번길 1227 (우 : 11506),010-5397-2255,http://egaju.co.kr/,
239,양주도가,경기도 양주시 광적면 현석로 755 (우 : 11413),010-2711-8294,https://smartstore.naver.com/yangjudoga,
240,양촌감영농조합,충남 논산시 황산벌로 107521,041-734-8910,https://shopping.naver.com/fresh/traditionalalcohol/stores/100294111,
241,양촌양조,충남 논산시 양촌면 매죽헌로 1665번길 147,041-741-2011,https://yangchon.co.kr/products,"체험안내 | 장소 | 내용 | 양조장체험과 견학은 개인이 아닌 단체일 경우 가능하다. 낮은 2층으로 되어 있는 발효체험 전시실은 술이 만들어지는 과정과 발효, 효모 등 전통 양조법을 살펴볼 수 있다. 양조장 안쪽에는 창업이후 양조장에서 활용된 양조기구들을 전시해 뒀다. | 소요시간 | 투어비용"
242,양촌와이너리,충청남도 논산시 양촌면 황산벌로 107521,0507-1466-8937,https://smartstore.naver.com/choosi/?NaPm=ct%3Dlkm6j0d2%7Cci%3Dcheckout%7Ctr%3Dds%7Ctrx%3Dnull%7Chk%3D1c05f130954f743bc8fb02b7bf901eade5a17fdc,"어린이 체험 - 잉어 먹이주기&감 농장 경운기 타기 | 장소 | 양촌와이너리 야외 정원 | 내용 | 아이들과 함께와도 즐겁게 보낼수 있는 체험프로그램을 준비했어요. 30살이 넘는 잉어도 있는 야외 잉어연못에서 어린이용 잉어낚시로 먹이를 주고 감농장 나무 사이로 있는 사잇길로 어린이 경운기 운전도 즐겨보세요. (어린이 경운기 체중 60kg 미만만 가능) | 소요시간 | 30분 | 투어비용 | 3,000원(인당) | 와인 시음 체험 | 장소 | 양촌와이너리 체험카페 | 내용 | 와이너리에서 만들고 있는 다양한 와인, 스피릿중 2종을 시음할 수 있습니다. 함께 어울리는 치즈,쿠키,견과류 등으로 이루어진 플레터를 제공해드립니다. 운전을 하고 오신 동반자를 위해 차 또는 커피도 무료로 드립니다. ※ 시음체험 고객이 주류 구매시 체험권 1개당 주류 1병 3천원 추가할인 ※ | 소요시간 | 30분 | 투어비용 | 8,000원 (동반인과 쉐어 가능) | 와인 족욕 | 장소 | 양촌와이너리 체험카페 2층 | 내용 | 항균작용과 항산화 효능이 있는 감와인 족욕으로 힐링의 시간을 가져보세요. 논산 탑정호 호수 산책과 함께 하면 더욱 좋습니다. (족욕 + 와인시음 또는 음료 제공) | 소요시간 | 30분-1시간 | 투어비용 | 12,000원(인당)"
243,어떤하루,전라남도 고흥군 도양읍 목넘가는길 525,070-7785-1429,www.eotteonharu.com,
244,어메이징브루잉컴퍼니,서울 성동구 성수일로 39,0507-1401520-8,https://www.amazingbrewing.co.kr/,
245,에델농원,충청북도 단양군 영춘면 별방창원로 896,043-421-8285,http://www.wineedel.com/skin_mw1/,
246,여주육묘영농조합,경기도 여주군 가남면 연대리 566,031-833-8190,,
247,여포와인농장,충북 영동군 양강면 유점지촌길 75,043-744-7702,https://yeopo.modoo.at/,"체험안내 | 장소 | 내용 | 여포와인농장에서는 다양한 체험 프로그램을 개발, 운영하고 있다. 와이너리 투어는 대표적인 체험 프로그램이다. 와이너리 안팎을 둘러본 뒤 대표 와인을 시음할 수 있다. 투어는 단체는 물론 개인으로도 참여 가능하며, 예약은 필수다. 여포와인농장 한 켠에 자리잡은 화덕을 이용한 황토 피자 만들기도 가능하며 올 하반기에는 나만의 와인 만들기 체험도 실시할 예정이다. | 소요시간 | 투어비용"
248,역전양조장역전회관,서울시 마포구 토정로 37길 47,02-703-0019,www.yukjeon.com,
249,연미정와이너리,인천광역시 강화군 강화읍 연미정길36번길 4817,032-933-9129,http://www.yeunmi.co.kr,"와인 3종 테스팅 | 장소 | 연미정 와이너리 | 내용 | 연미정 화이트,로제,레드 테스팅 → 기념촬영 | 소요시간 | 자유 | 투어비용 | 20,000원(인당) | 1박 2일 (사전전화예약 필수) | 장소 | 연미정 와이너리 | 내용 | 와이너리에서  즐기는 1박 2일. 포도밭 탐방 및 기념촬영 | 소요시간 | 3시 시작 → 익일 11시 종료 | 투어비용 | 200,000원 (인당/숙박 포함) | 와인의 모든 것 | 장소 | 연미정 와이너리 | 내용 | 연미정와이너리 소개 (연미정의 역사, 스토리텔링, 포도재배와 와인생산) → <1타특강>으로 와인 고수만들기: 와인의 역사, 와인의 기본예절, 와인양조, 와인과 과학, 와인과 문화 → 기초 5종 와인테이스팅: 화이트,로제,레드,진생베리,아이스와인제공 → 기념촬영 | 소요시간 | 1시간 30분-2시간 | 투어비용 | 30,000원(인당)"
250,연천양조,경기도 연천군 마산면 청정로 1738번길 15,031-833-3775,https://ksool88.modoo.at/?NaPm=ct%3Dkj7xdaia%7Cci%3Dcheckout%7Ctr%3Dds%7Ctrx%3D%7Chk%3D7a2095c72e4d037a16692c63a0a54b00c1b9f400,
251,영농에스비케이조합,경북 문경시 영순면 영순로 645,1644-5189,,
252,영농조합보령전통주,충청남도 보령시 성주면 지게골길 47,010-5237-6825,https://smartstore.naver.com/boryengju,
253,영덕주조,경북 영덕군 강구면 소월1길 1610,054-733-5641,http://www.ydjujo.co.kr,
254,영월더덕영농조합,강원도 영월군 주천면 솔치로 633,033-372-1885,https://shopping.naver.com/fresh/traditionalalcohol/stores/100112684,
255,예밀2리영농조합,강원도 영월군 김삿갓면 예밀촌길 22820,033-375-3720,http://www.yemilchon.co.kr/,
256,예산사과와인,충남 예산군 고덕면 대몽로 10725,041-337-9584,http://www.chusawine.com,"사과 수확 체험 | 장소 | 사과 농장 | 내용 | 사과 수확 체험(9월~ 11월 중순) | 소요시간 | 30분 | 투어비용 | 4개 10,000원 | 와이너리 투어 | 장소 | 와이너리 | 내용 | 와인생산시설을 견학하고 와인과 증류주를 시음하는 체험 | 소요시간 | 30분 | 투어비용 | 10,000원(인당) | 사과파이 만들기 | 장소 | 와이너리 | 내용 | 사과파이를 만들고 굽는 체험 | 소요시간 | 1시간 30분 | 투어비용 | 8,000원(인당)"
257,예술주조,강원도 춘천시 신동면 풍류1길 63,033-261-1525,http://www.yesul.co.kr,"양온소(양조장) 견학(Aa) | 장소 | 양온소(양조장) | 내용 | 전통주의 역사, 전통주의 양조원리 등 설명, 생산 술 시음. 전통주체험관, 누룩체험관 등 구경. (중?고등학생은 반액 할인합니다.) | 소요시간 | 전통주 강의 (20분) → 시음(20분) → 양온소 구경(20분) / 총 1시간 정도 | 투어비용 | 개인당 10,000원 / 10명 이상"
258,예인화원,경북 경주시 남산순환로 10,054-771-7088,https://yeinwinerywine.modoo.at/,
259,예천양조,경상북도 예천군 용궁면 월오길 17,054-655-8839,https://yecheonbrewery.com/,
260,오대서주양조장,(25326)강원도 평창군 진부면 영정게길 571 오대서주양조장,033-335-7609,https://www.pcwine.co.kr/,
261,오대서주양조,오대서주양조,033-335-7609,http://www.pcwine.co.kr/main/index,
262,오르또와이너리,경상북도 봉화군 춘양면 문수호 210547,010-5230-0480,https://smartstore.naver.com/ortowinery,
263,오름주가,경상남도 사천시 미룡길 3120,055-855-3626,,
264,오미나라,경북 문경시 문경읍 새재로 609,054-572-0601,http://www.omynara.com/,"오미나라 전제품 시음 | 장소 | 오미나라 체험장 | 내용 | 오미나라 주요 제품을 맛과 향을 음미할 수 있는 시음 체험 | 소요시간 | 1시간 | 투어비용 | 10,000원(인당) | 나만의 기념주 | 장소 | 오미나라 체험장 | 내용 | 문경바람 오크 40을 직접 주입하여, 소장하는 체험 프로그램 | 소요시간 | 1시간 | 투어비용 | 30,000원(인당)"
265,오산양조,경기도 오산시  시장길 63,031-374-2139,https://www.osansool.com/,"기본 일일체험 | 장소 | 오산양조 교육장 | 내용 | 최소 8인 이상 진행 가능 / 미니강의 + 시음 + 체험 / 빚은 술 : 3L용기에 담아서 가져감 | 소요시간 | 1시간 30분-2시간 | 투어비용 | 30,000원(인당) | 단호박 술 빚기 | 장소 | 오산양조 교육장 | 내용 | 최소 8인 이상 진행 가능 / 미니강의 + 시음 + 체험 / 빚은 술 : 3L용기에 담아서 가져감 | 소요시간 | 1시간 30분-2시간 | 투어비용 | 40,000원(인당) | 국화주 빚기 | 장소 | 오산양조 교육장 | 내용 | 최소 8인 이상 진행 가능 / 미니강의 + 시음 + 체험 / 빚은 술 : 3L용기에 담아서 가져감 | 소요시간 | 1시간 30분-2시간 | 투어비용 | 40,000원(인당) | 헌주 빚기 | 장소 | 오산양조 교육장 | 내용 | 부모님 생신, 기념일 등 어른들께 선물하는 순곡주 체험. 10L 술덧 거르기 체험, 병입 후 가져감 / 체험 내용 협의 가능 | 소요시간 | 1시간 30분-2시간 | 투어비용 | 300,000원 | 이벤트 술 빚기 | 장소 | 오산양조 교육장 | 내용 | 행사기념, K-culture 체험, 이벤트용 술 빚기 등 | 소요시간 | 1시간 30분-2시간 | 투어비용 | 300,000원 | 견학 프로그램 | 장소 | 오산양조 교육장 | 내용 | 최소 4인 이상 진행 가능 / 회사소개 + 시음 + 현장견학 | 소요시간 | 1시간 | 투어비용 | 25,000원(인당)"
266,오성주조장,경기 이천시 단월로28번길 3,031-633-5864,,
267,옥수주조,서울 성동구 한림말5길 15 지하1층,0507-134-13943,https://www.instagram.com/oksujujo/,
268,옥순가소곡주마주,충청남도 서천군 서초면 시초동로 881,010-5094-8267,https://smartstore.naver.com/oksoonga/products/4785125963,
269,온증류소,경기도 광주시 봉골길134번길 427,031-762-1298,https://smartstore.naver.com/distilleryon,
270,온지술도가,서울특별시 은평구 통일로65길 26 (해피플러스2) 지하1층 (우 : 03397),010-5605-5114,https://smartstore.naver.com/onzisuldoga,
271,왕주,충남 논산시 원댕이길 265(강산동),041-733-1700,https://kingwine.co.kr/,
272,용두산조은술,충북 제천시 송학면 송학주천로 647,043-642-7723,https://smartstore.naver.com/woorisool,
273,용두산조은술영,충북 제천시 송학면 송한리 4773번지,043-647-2333,,
274,우리도가,경기도 가평군 조종면 연인산로 48,,https://smartstore.naver.com/wooridoga/products/6611468981?NaPm=ct%3Dlz9isgcg%7Cci%3D69c2f92a9e5e73d80a54253bae36ac66b633779e%7Ctr%3Dsls%7Csn%3D576325%7Chk%3D8915d90166059284a1c6527c8c811e7f4ef83680,
275,우리서막,서울특별시 성동구 성수일로 111 103호 우리서막,0507-1485-0443,https://smartstore.naver.com/wryseomak,
276,우리술,"경기 가평군 하면 대보간선로 26, 29",031-585-8525,http://www.woorisool.kr,
277,우보주책,"경기도 양평군 용문면 용문역길 26, 상일빌딩 2층 201호",031-0773-3757,https://woobojoocheck.com/,
278,우포의아침,경상남도 창녕군 대지면 대지농공단지길 40,070-4105-0997,www.goodtomorrow.co.kr,
279,운곡도가,울산광역시 중구 다운동 구루미6길 6,052-249-4563,https://www.instagram.com/ungokdoga/,
280,울진술도가,경상북도 울진군 근남면 노음2길 4,054-782-1855,,"술 짜기 및 시음 | 장소 | 내용 | 물과 희석하지 않은 발효된 막거리 원주를 채에 걸러 직접 짜보는 체험 - 가장 신선한 막걸리를 마셔보고 만져볼 수 있다. | 소요시간 | 강의 60분, 체험 60분 | 투어비용 | 문의 054-782-1855"
281,원스피리츠농업,강원도 원주시 지정면 월송석화로 288 나동 1층,051-5860-2178,https://wonsoju.com/,
282,원조소곡주,충남 서천군 한산면 한마로34,041-951-0785,http://www.원조소곡주.com/,
283,월광주조,광주광역시 동구 필문대로 279 2층 (우 : 61449),010-3038-1722,https://smartstore.naver.com/wgwgwg,
284,월류원,충북 영동군 황간면 남성동3길 414,010-2466-7789,https://shopping.naver.com/fresh/traditionalalcohol/stores/100235003,
285,월류원오드린,충청북도 영동군 황간면 남성동3길 414,010-2466-7789,https://eaudelune.modoo.at/,
286,위와이너리,경상북도 영천시 금호옵 금호로 38621,010-8858-0715,https://smartstore.naver.com/8510770,
287,은척양조장,경북 상주시 은척면 봉중2길 164,054-541-6409,https://takbaeki.modoo.at/,
288,이가수불,충남 아산시 도고면 기곡로 77번길 307,041-543-2348,https://smartstore.naver.com/leegasubul,
289,이대앞양조장,서울 서대문구 연세로2마길 12 1F,02-0101-2580,https://www.instagram.com/edaeap.brewery,
290,이동주조,경기도 포천시 이동면 화동로 2466,031-535-2800,http://edongricewine.modoo.at/,
291,이쁜꽃양조장,서울시 중구 퇴계로197 충무빌딩 206호,,https://www.instagram.com/official.epkkot/,
292,이시보양조장,제주 서귀포시 대정읍 도원남로 158번길 36 이시보양조장,010-8548-4277,https://smartstore.naver.com/isibo,
293,이원양조장,충청북도 옥천군 이원면 묘목로 113,043-732-2177,http://iwonwine.com/new/index.php,"도리뱅뱅 | 장소 | 이원양조장 | 내용 | 90년 전통의 한국술 장인과 함께 양조장 견학을 실시하고 도리뱅뱅 쿠킹클래스를 함께 진행하는 남녀노소 모두 즐길 수 있는 체험 | 소요시간 | 2시간 | 투어비용 | 1만5000원 | 나만의 원주 만들기 | 장소 | 이원양조장 | 내용 | 90년 전통의 한국술 장인의 소개로 양조장을 견학하고 신선한 원주를 직접 거르고 병에 담아가는 프로그램으로 자신만의 라벨이 붙어있는 “나만의 원주”를 만나실 수 있습니다. | 소요시간 | 1시간30분 / 하루 3회 진행(토,일,월) 기타 요일은 별도 문의 | 투어비용 | 2만원 | 술빚기 체험 | 장소 | 이원양조장 | 내용 | 90년 전통의 한국술 장인의 고집스러운 술빚기를 가양주 형태로 안내해드리 프로그램으로 직접 빚은 술을 가져가실 수 있으며 신선한 막걸리를 증정합니다. | 소요시간 | 1시간 30분 / 예약필수 | 투어비용 | 3만원 | 증류 체험 | 장소 | 이원양조장 | 내용 | 90년 전통의 한국술 장인과 함께 증류체험을 하면서 증류주의 이론 교육까지 겸비된 체험. 가칭 이제는 증류주 시대다! | 소요시간 | 2시간 / 예약 필수 | 투어비용 | 5만원"
294,이호상우리술,"대전 중구 보문산로 1479, 1층",010-3846-9193,https://woorisool2540.modoo.at/,
295,이화백주,경상남도 양산시 상북면 상삼리 389,055-375-5677,https://www.facebook.com/ehwayangzo/,
296,인천탁주,인천광역시 부평구 안남로 433번길 26,032-524-5016,http://sosungju.modoo.at/,"막걸리 빚기 체험 | 장소 | 찾아가는 양조장 | 내용 | 탁주의 제조공정 및 라인 설명 > 술 빚기 체험 > 인천탁주 생산제품 시음 > 기념품 증정 | 소요시간 | 1-2시간 (체험 시간 문의) | 투어비용 | 25,000원(인당)"
297,자두사랑,경북 김천시 대학로 214,054-420-4155,https://jadusarang.modoo.at/,
298,자연과인삼,충북 괴산군 청천면 도경로 640,043-833-5829,www.gswine.modoo.at,
299,자희자양,전남 함평군 신광면 신해로 92,032-518-7111,http://jaheejayang.modoo.at/,
300,작은알자스,충북 충주시 수안보면 중골안길 14,0507-1333-2856,https://smartstore.naver.com/lesdom,
301,장희도가,충북 청주 청원구 내수읍 미원초정로 1275,070-4415-6567,http://www.xno39a70mg2rv1o.com/default/,"전통주 담아가기 체험 | 장소 | 장희도가 체험장 | 내용 | 찹쌀로 고두밥을 쪄서 누룩을 활용 전통적인 방법에 체험 | 소요시간 | 2시간 | 투어비용 | 30,000원(인당) | 딸기 막걸리 담아가기 체험 | 장소 | 장희도가 체험장 | 내용 | 지역에서 나는 청원생명 딸기와 찹쌀를 활용한 전통주 담아가기 체험 | 소요시간 | 2시간 | 투어비용 | 30,000원(인당) | 발효식초 음료 만들기, 막걸리 빵 만들기 체험 | 장소 | 장희도가 체험장 | 내용 | 천연발효식초를 이용한 음료 전통주 활용 빵 만들어 가기 | 소요시간 | 2시간 | 투어비용 | 30,000원(인당) | 증류주 진 만들기 체험 | 장소 | 장희도가 체험장 | 내용 | 전통주를 활용 나만이 좋아하는 아로마향 진 증류주 담아가기 | 소요시간 | 3시간 | 투어비용 | 50,000원(인당)"
302,전주이강주,전북 완주군 소양면 신지송광로 61912,063-212-5765,https://smartstore.naver.com/leegangju,
303,전통주연구개발원,경기도 가평군 가평읍 분자골로68번길 82,031-581-1054,http://전통주연구개발원.kr/,
304,정선명주,강원도 정선군 북평면 송석길 1467,02-795-7789,https://ararisool.modoo.at/,
305,제이1,경기도 수지구 광교중앙로 338 에이동 105호,0507-1417-1960,https://smartstore.naver.com/j1inc,
306,제이앤제이,경기도 용인시 처인구 양지면 남평로 114,070-8868-8323,https://smartstore.naver.com/jjbrewerykorea,
307,제이케이크래프트,부산광역시 동래구 사직북로48번길 34,010-2226-8523,http://gidarim.co.kr/,
308,제이케이크래프트기다림,부산 해운대구 좌동로 10번길 515 1층,051-505-8523,https://maeryogidarim.co.kr/,
309,제주양조장,제주특별자치도 제주시 조천읍 남조로2064,064-792-1950,www.wine1950.com,
310,제주고소리술익는집,제주도 서귀포시 표선면 중산간동로 4726,064-787-5046,http://jejugosorisul.com/,"체험 안내 | 장소 | 내용 | 전통주 시음 | 소요시간 | 투어비용 | A코스 1만 원(10인 이상), B코스 2만 원(5인 이상) | 체험 안내 | 장소 | 내용 | 누룩 만들기 | 소요시간 | 투어비용 | 1만 원(5인 이상) | 체험 안내 | 장소 | 내용 | 오메기술 만들기 | 소요시간 | 투어비용 | 3만 원(5인 이상) | 체험 안내 | 장소 | 내용 | 쉰다리(보리 발효 음료) 만들기 | 소요시간 | 투어비용 | 문의 064-787-5046 | 체험 안내 | 장소 | 내용 | 고소리술 내리기 | 소요시간 | 투어비용 | 문의 064-787-5046"
311,제주곶밭,제주 제주시 제주대학로 102 제주대학교,010-4238-2358,https://smartstore.naver.com/jeju_gott_batt,
312,제주본초협동조합왕지케,제주 제주시 한경면 고산로2길 2213,064-773-0988,https://jejucoop.modoo.at/?link=411ziq69,
313,제주샘주,제주 제주시 애월읍 애원로 283,064-799-4225,http://www.jejusaemju.co.kr,"쉰다리 만들기 체험 | 장소 | 제주샘酒 양조장 | 내용 | 제주 전통음료로 발효과정을 볼 수 있는 쉰다리 만들기 체험 | 소요시간 | 40분~1시간 | 투어비용 | 인당 20,000원 (문의: 064-799-4225) | 오메기떡 만들기 체험 | 장소 | 제주샘酒 양조장 | 내용 | 오메기떡은 예로부터 오메기술을 빚기위한 좁쌀로 만들어진 구멍떡으로 오메기술을 이해하기 위하여 오메기떡을빚어보는 체험 | 소요시간 | 40분~1시간 | 투어비용 | 인당 20,000원 (문의: 064-799-4225) | 칵테일 만들기 체험 | 장소 | 제주샘酒 양조장 | 내용 | 제주샘주의 고소리술을 이용하여 제주샘주만의 칵테일 레시피에 따라 직접 만들고 시음 | 소요시간 | 1시간 | 투어비용 | 인당 30,000원 (문의: 064-799-4225)"
314,제주와이너리,제주 제주시 애월읍 용흥7길 23 제주와이너리,010-8342-8252,https://smartstore.naver.com/jejuwinery,
315,제주커피수목원,제주 서귀포시 안덕면 사계리 3136,010-5955-8813,http://www.coffeewine.kr,
316,제천한약영,충북 제천시 봉양읍 원박리 276,043-642-9000,www.jcmedi.com,
317,젤코바와이너리,경북 상주시 청리면 남상주로 11083,010-4507-7232,,
318,조은술세종,충북 청주시 청원구 사천로18번길 52,043-218-7689,www.sjbrewery.co.kr,"시음 및 양조장 견학 | 장소 | 회의실 및 양조장 | 내용 | 막걸리, 약주, 증류식소주, 과실주 등 비교시음 및 양조장 견학 | 소요시간 | 약1시간 | 투어비용 | 문의요망 043-218-7689"
319,조흔와이너리,경북 영천시 조흔달길 2253,,WWW.영천와인.COM,
320,좋은술,경기 평택시 오성면 숙성뜰길 108,031-681-8929,https://jsul.modoo.at/,체험안내 | 장소 | - | 내용 | 좋은술은 전통주와 지역 관광체험을 연계해 평택을 찾는 관광객에게 볼거리뿐 아니라 전통주를 직접 제조하고 시음해보는 체험 프로그램도 운영하고 있다. | 소요시간 | - | 투어비용 | -
321,주다솜,경기 용인시 처인구 모현읍 곡현로 6802,031-322-9945,http://judasom.cafe24.com/,
322,주방장양조장,대전 유성구 노은서로76번길 7515,0507-1342-4880,https://www.instagram.com/jubangjang_brewery/,
323,주연향,인천광역시 강화군 송해면 당골길 7526 1층,010-6421-6253,https://smartstore.naver.com/juyeonhyang,
324,중원당,충북 충주시 가금면 창동리 243,043-842-5005,http://www.청명주.com/,
325,중원양조,충북 충주시 동량면 조동리 134215,043-851-3771,,
326,지리산운봉주조영농조합,전북 남원시 운봉읍 서천리 622번지,063-634-0009,http://www.herbsul.com/,견학 | 장소 | 운봉주조 공장 견학 | 내용 | 운봉주조 공장 견학 | 소요시간 | 5~10분 | 투어비용 | 별도문의 | 막걸리 빚기 | 장소 | 전통주 체험관 | 내용 | 막걸리 빚기 체험 | 소요시간 | 1시간 | 투어비용 | 별도문의 | 막걸리 쿠키 만들기 | 장소 | 전통주 체험관 | 내용 | 포도 막걸리 만들기 | 소요시간 | 1시간 ~ 2시간 | 투어비용 | 별도문의
327,지시울,강원특별자치도 춘천시 서면 박사로 7415,010-3235-2451,https://smartstore.naver.com/whajeonilchwi,"화전일취 전통주 유료 시음회 | 장소 | 화전일취 지시울 양조장 | 내용 | 물. 쌀. 전통누룩만으로 빚어 항아리에 백일 발효, 두 달 숙성으로 완성하는 프리미엄 전통주를 지향하는 화전일취 전통주를 어울리는 음식과 함께 시음합니다. 전통주 소믈리에와 우리 술에 대한 대화를 나눕니다. | 소요시간 | 1시간-1시간 30분 | 투어비용 | 30,000원(인당) | 화전일취 지게미 수제 비누 만들기 | 장소 | 화전일취 지시울 양조장 | 내용 | 일상생활에서 늘 사용하는 비누에 양조 후 나오는 지게미를 넣어 환경 오염을 줄입니다. 다양한 꽃을 넣은 비누와 술지게미를 넣은 비누 두 가지 나만의 수제 비누를 만들어 가져갈 수 있습니다. | 소요시간 | 1시간 | 투어비용 | 40,000원(인당) | 화전일취 탁주 빚기 | 장소 | 화전일취 지시울 양조장 | 내용 | 물. 쌀. 전통누룩만으로 탁주를 빚습니다. 탁주 빚기가 끝난 뒤 화전일취 전통주를 시음합니다. | 소요시간 | 1시간 | 투어비용 | 60,000원(인당) | 화전일취 전통 증류식 소주 내리기 | 장소 | 화전일취 지시울 양조장 | 내용 | 옹기 소주고리를 이용하여 소주를 증류하는 프로그램으로 우리 술이 어떻게 만들어지는지 배울 수 있습니다. 증류된 소주를 가지고 갈 수 있으며 소주를 내린 뒤 화전일취 전통주 시음이 이어집니다. | 소요시간 | 1시간 | 투어비용 | 70,000원(인당)"
328,지평주조,경기도 양평군 지평면 지평리,031-773-7030,http://www.jpjujo.com/,
329,진정브루잉,"강원도 강릉시 새냉이길 232, 1층",0507-1407-2607,https://url.kr/mjhjr7,
330,착한농부,경북 예천군 용문면 복천길 168,054-652-0877,http://예천주.kr,
331,찬우물,인천시 강화군 선원면 강화동로 990번지,032-934-1454,,
332,참주가,전라북도 순창군 순창읍 신남무수길 5124 (우 : 56051),063-652-1762,https://smartstore.naver.com/chamsool,
333,청도감와인,경북 청도군 풍각면 봉길1길27,054-371-1100,http://www.gamwine.com/company/main.php,
334,청산녹수,전라남도 장성군 장성읍 전고개로 240,061-393-4141,smartstore.naver.com/bluegreenk,"양조장 견학 및 시음 | 장소 | 청산녹수 | 내용 | 양조장을 견학하고 전통주 시음을 해 볼 수 있는 프로그램 | 소요시간 | 1시간 | 투어비용 | 30,000원(인당) | 막걸리 빚기 | 장소 | 청산녹수 | 내용 | 양조장을 견학하고, 미리 만들어 놓은 술덧을 체로 걸러 이제 막 걸러낸 막걸리 원액을 즐길 수 있는 체험 프로그램 (직접 거른 술을 집에서 숙성, 관찰하며 시음하실 수 있도록 공병을 준비해 드립니다.) | 소요시간 | 2시간 이상 | 투어비용 | 50,000원"
335,청양둔송구기주,충청남도 청양군 운곡면 광암리 8191,041-942-8138,https://dunsong.modoo.at/,
336,청정영농조합,전남 고흥군 풍양면 죽시장터길 45,061-832-2211,https://smartstore.naver.com/citronmakgeolli,
337,청풍주조장,충북 제천시 금성면 청풍호로 450 (양화리),043-644-3382,https://smartstore.naver.com/cpmgkr,
338,청해주조,충청북도 청주시 상당구 무심동로336번길 97 1층,0507-1480-3700,https://smartstore.naver.com/blueboarbrewery,
339,초가,강원도 철원군 김화읍 외골길 3312,033-458-7676,https://choga.co.kr/hancheong/,
340,초이리,전라북도 익산시 선화로63길 301,070-7954-7289,https://smartstore.naver.com/choileebrewery,
341,최행숙전통주가,경기도 파주시 법원읍 사임당로 763,031-958-1297,파주전통주.kr,
342,추성고을,전남 담양군 용면 추령로 29,061-383-3011,http://www.chusungju.co.kr,"나만의 증류주 만들기 | 장소 | 전남 담양군 용면 추령로 29 | 내용 | 명인(또는 전수자)과 함께 나누는 우리술 이야기, 전통소줏고리 증류주 내리기, 추성고을 생산제품 시음, 유리병용기에 개인별 기호에 맞는 약재를 넣어 “나만의 증류주 만들기”체험 | 소요시간 | 1시간 - 1시간 10분 | 투어비용 | 30,000원(인당)"
343,추연당,경기도 여주군 가남읍 금당리 5312,070-8850-5312,https://smartstore.naver.com/chuyondang,
344,춘풍양조장,서울 중구 다산로 1013 1F,018-998-876,https://www.chunpoong.co.kr/,
345,친구들의술지란지교,전라북도 순창군 순창읍 순창7길 51,010-9533-1478,https://smartstore.naver.com/limsugzu,
346,컨츄리와이너리,충청북도 영동군 영동읍 조현길 26,043-742-2095,https://smartstore.naver.com/countrywine,"와이너리 투어 | 장소 | 컨츄리와이너리 내부 | 내용 | 브리핑-생산시설투어-와인테이스팅 순으로 와이너리를 투어하는 프로그램으로 총 80~90분이 소요된다. 영동포도, 영동와인산업, 컨츄리와이너리 히스토리를 소개하고 발효실-숙성실-포장실을 둘러본 뒤 라운지에서 핑거푸드와 함께 컨츄리 와인 4종을 시음 할 수 있다. | 소요시간 | 1시간-1시간 | 투어비용 | 15,000원 (성인 기준/최소 10인 이상 사전예약)"
347,케이소주,"전북 전주시 완산구 중산중앙로 27, 3층",010-4651-5595,https://ksoju.modoo.at/,
348,코아베스트,경기도 김포시 양촌읍 김포대로1759번길 3323 2동,010-5231-0320,https://smartstore.naver.com/corevest,
349,코이버펑크,경상북도 영천시 봉계길 52,085-26096-0604,www.koyberpunk.com,
350,탁브루,충청남도 논산시 양촌면 매죽헌로 1665번길 147,032-284-7050,https://www.instagram.com/taak_brew/,
351,태인양조장,전라북도 정읍시 태인면 태흥리 3921,063-534-4018,http://www.xnog5bv8a5dl6a612a.com/,
352,태인합동주조장,전북 정읍시 태인면 태흥리 3921,063-534-4018,http://www.태인양조장.com/,
353,태종대양조,부산광역시 영도구 동삼동 태종로793번길 5,051-405-1800,,
354,토끼소주,충북 충주시 엄정면 웃세고개길 3516,,https://tokkisoju.com/,
355,토마토와인,,053-615-0011,,
356,토향,제주 제주시 한경면 연명로 372,064-796-2521,https://shopping.naver.com/fresh/traditionalalcohol/stores/100075514,
357,파머스맥주,전라북도 고창군 부안면 복분자로 434129,063-561-4225,http://www.gdcbeer.co.kr/new/index.htm,
358,팔로미,충청남도 홍성군 홍북읍 용봉산1길 3(홍북읍) 1층,031-460-0043,,
359,팔팔양조장,경기도 김포시 김포대로 1216번길 8774,031-984-8819,https://smartstore.naver.com/88yangjojang,
360,포천일동막걸리,"경기도 포천시 일동면 운악청계로 1597, 2층",031-532-3007,https://smartstore.naver.com/1932,
361,포천조술당,경기 포천시 화현면 화동로 432번길 12,031-536-5469,,
362,풍정사계화양,충청북도 청주시 청원구 내수읍 풍정1길 82,043-214-9424,https://www.hwayang.co/,칵테일 만들기 | 장소 | 제 2공장 체험장 | 내용 | 증류주 칵테일 만들기 | 소요시간 | 1시간 | 투어비용 | 별도 문의 | 본 저작물은 공공누리 제4유형으로 “출처표시 + 상업적 이용금지 + 변경금지” 조건에 따라 이용할 수 있습니다.
363,하나도가,충청북도 음성군 금왕읍 대금로1851번길 9 1층 하나도가 (우 : 27626),010-7303-6923,https://smartstore.naver.com/hanadoga,
364,하동매실영농조합,경남 하동군 옥종면 궁항길 286105,055-882-0800,,
365,하미앙와인밸리,경남 함양군 함양읍 삼봉로 44214,055-964-2500,https://www.sanmuru.com,
366,하우스오브헤리티지,경기 용인시 기흥구 백남준로 289 지하1층,0507-1379-3415,https://www.houseofheritage.kr/home,
367,하향주가,대구 달성군 유가읍 유가사길 27,053-614-3383,,
368,한강주조,서울특별시 성동구 둘레15길 12,070-8836-1115,https://hangangbrewery.com/,
369,한국산삼,충남 공주시 계룡면 여서울2길 9,041-854-5533,https://shopping.naver.com/fresh/traditionalalcohol/stores/100439678,
370,한국술도가,전라북도 정읍시 답곡길 60,010-3683-1990,https://smartstore.naver.com/chan1990,
371,한국애플리즈,경북 의성군 단촌면 일직점곡로 755,054-834-7800,http://www.applewine.co.kr/,"양조장 체험 | 장소 | 한국애플리즈 본사 내 | 내용 | 양조장 견학, 제조장 투어 | 소요시간 | 30분 내외 | 투어비용 | 15,000원(인당)"
372,한국와인,경상북도 영천시 금호읍 원기리 4142,054-333-3010,http://www.vincoreewinery.com/,"별별 와인 만들기 체험 | 장소 | 내용 | 1. 나만의 별 / 2. 반짝반짝 작은 별 / 3. 별은 내 가슴에 / 4.별을 품은 와인 | 소요시간 | 투어비용 | 나만의 별(1만 5천 원), 반짝반짝 작은 별(1만 2천 원), 나머지 별도 문의 054-333-3010 | 수확 체험 | 장소 | 내용 | 오디, 아로니아, 포도, 감 | 소요시간 | 투어비용 | 문의 054-333-3010 | 와인 시음 체험 | 장소 | 내용 | 소요시간 | 투어비용 | 3종류 3,000원 | 와인 시음 체험 | 장소 | 내용 | 소요시간 | 투어비용 | 3종류 3,000원 | 족욕 와인 | 장소 | 내용 | 소요시간 | 투어비용 | 30분 5,000원"
373,한사도가,경상남도 통영시 욕지면 천왕로 162 (신화돼지국밥) 2층 (우 : 53100),010-3876-7081,https://smartstore.naver.com/hansandoga,
374,한산소곡주,충남 서천군 한산면 충절로 1118,041-951-0290,http://www.sogokju.co.kr,
375,한아양조,서울시 서초구 동광로1길 95,070-4351-0282,https://hanayangjo.com,
376,한영석의발효연구소,전북 정읍시 답곡길 66,063-534-2110,https://smartstore.naver.com/hans_nuruklab,
377,한주양조,경기도 안성시 서운면 서운로 24114,031-672-0964,http://hanjuy.kr.ecplaza.net,
378,한통술양조장,경기 동두천시 쇠목길 3252 한통술 B/D 전관,0507-1370-2113,http://www.hantongsool.com/,
379,함평천지복분자영,전남 함평군 신광면 신광중앙길 14654,061-322-0202,www.redmountain.co.kr,
380,해남진양주,전남 해남군 계곡면 덕정리 123,061-532-9858,,
381,해창주조장,전남 해남군 화산면 해창길 1,061-532-5152,https://haechangjujo.modoo.at/,
382,행주산성주가,"경기도 고양시 덕양구 충장로 122, 블레스타운 202호",031-926-2229,https://www.instagram.com/sanglkh.khl/,
383,홀리워터,"서울특별시 성동구 성수일로4길 10 (평화기업사) 지하1층, 1층(성수동1가) (우 : 04780)",02-467-5208,https://smartstore.naver.com/markholy,
384,홍지원,강원도 평창군 평창읍 농공단지길 2414,033-332-8500,https://shopping.naver.com/fresh/traditionalalcohol/stores/100214392,
385,화목양조장,전남 순천시 낙안면 석흥신흥길 333,0507-1483-1044,https://smartstore.naver.com/naganwine,
386,화심주조,경기 구리시 동구릉로459번길 13614 주 2동 화심주조,070-7745-8888,https://hwasimjujo.co.kr/,
387,화요,경기도 여주시 가남읍 경충대로 848,031-881-3057,www.hwayo.com,
388,화천주가,강원도 화천군 하남면 공단길18,033-442-0052,www.hcjuga.co.kr,
389,황금보리,충남 홍성군 서부면 서부로 696,041-631-8722,http://www.xnjj0bu4t8rc0w2b.com/,
390,회곡양조장,상북도 안동시 풍산읍 산업단지5길 39 회곡양조장,054-853-7777,https://hoegokbrewery.com/product/detail.html?product_no=18&cate_no=33&display_group=1#none,
